cohort_year,Total_Invested,Average_SIP_Amount,Preferred_Fund
2024,3491125187,10996.885825361911,148568
2025,30455243,13505.209580838324,119599
